<?xml version='1.0' encoding="utf-8"?>
<toc version="2.0">
    <!-- First tocitem specifies top level in Help browser Contents pane -->
    <!-- This can be a roadmap page, as shown below, or a content page -->

    <tocitem target="sparsereg_toolbox_product_page.html">SparseReg
        
        <tocitem image="$toolbox/matlab/icons/pageicon.gif"
                 target="./html/demo_lsq.html">Linear Regression</tocitem>
        <tocitem image="$toolbox/matlab/icons/pageicon.gif"
                 target="./html/demo_glm.html">GLM</tocitem>
        <tocitem image="$toolbox/matlab/icons/pageicon.gif"
                 target="./html/demo_gee.html">GEE</tocitem>
                 
        <!-- Optional link or links to your or other Web sites -->
        <tocitem target="http://hua-zhou.github.io/SparseReg/" 
                 image="$toolbox/matlab/icons/webicon.gif">
            SparseReg Toolbox Site
        </tocitem>

    </tocitem>
</toc>